ChassisNo,RegistrationNo,Model,OwnerName,MechanicID,MechanicName,ServiceDate,OdometerReading,Consumed_Parts_Log,TotalCost
RE-0042,MH12AB0042,Bullet 350,Amit Sharma,M01,Raj,01-01-2025,2339,"Motul 7100 (3), Oil Filter (3)",2571
RE-0056,MH12AB0056,Interceptor 650,Saurabh Kale,M02,Amit,02-01-2025,4196,"Air Filter (3), Motul 300V (1)",1485
RE-0051,MH12AB0051,Hunter 350,Amit Sharma,M01,Raj,03-01-2025,1332,"Oil Filter (3), Brake Fluid (3), Spark Plug (3), Motul 7100 (1)",5610
RE-0071,MH12AB0071,Classic 350,Amit Sharma,M01,Raj,04-01-2025,1791,"Spark Plug (2), Brake Fluid (2), Brake Pad (2), Chain Lube (1)",5786
RE-0074,MH12AB0074,Classic 350,Sameer Patil,M04,Kunal,05-01-2025,3696,"Brake Fluid (1), Oil Filter (3), Chain Lube (1)",4259
RE-0054,MH12AB0054,Bullet 350,Rahul Patil,M01,Raj,06-01-2025,1705,"Brake Pad (3), Oil Filter (3), Brake Fluid (1), Air Filter (2)",9334
RE-0094,MH12AB0094,Meteor 350,Rahul Patil,M05,Nilesh,07-01-2025,3898,"Brake Fluid (3), Oil Filter (1), Brake Pad (2), Spark Plug (3)",5830
RE-0028,MH12AB0028,Classic 350,Neha Pawar,M02,Amit,08-01-2025,3186,"Air Filter (1), Brake Fluid (2), Spark Plug (3)",4591
RE-0071,MH12AB0071,Bullet 350,Sameer Patil,M04,Kunal,09-01-2025,2276,"Air Filter (1), Motul 7100 (1), Brake Fluid (3)",3016
RE-0076,MH12AB0076,Classic 350,Kiran More,M03,Vikram,10-01-2025,2462,"Oil Filter (3), Spark Plug (3)",5124
RE-0080,MH12AB0080,Bullet 350,Rohan Kulkarni,M05,Nilesh,11-01-2025,1609,"Air Filter (1), Spark Plug (3), Brake Fluid (1)",4586
RE-0057,MH12AB0057,Classic 350,Priya Deshmukh,M03,Vikram,12-01-2025,2141,"Motul 300V (1), Brake Fluid (2), Air Filter (1), Chain Lube (3)",4096
RE-0045,MH12AB0045,Classic 350,Amit Sharma,M01,Raj,13-01-2025,4168,"Brake Fluid (2), Spark Plug (2)",2930
RE-0096,MH12AB0096,Hunter 350,Kiran More,M04,Kunal,14-01-2025,3777,"Oil Filter (3), Chain Lube (1), Motul 300V (3), Motul 7100 (3)",6163
RE-0047,MH12AB0047,Bullet 350,Priya Deshmukh,M02,Amit,15-01-2025,2432,"Brake Pad (1), Brake Fluid (2), Motul 7100 (1), Chain Lube (2)",3445
RE-0061,MH12AB0061,Meteor 350,Rohan Kulkarni,M05,Nilesh,16-01-2025,3021,"Brake Fluid (2), Air Filter (1), Brake Pad (1)",3007
RE-0044,MH12AB0044,Meteor 350,Akash Jadhav,M05,Nilesh,17-01-2025,2868,"Motul 300V (3), Spark Plug (3), Brake Pad (2), Oil Filter (2)",4300
RE-0012,MH12AB0012,Hunter 350,Sneha Joshi,M04,Kunal,18-01-2025,4416,"Motul 7100 (1), Brake Pad (1), Brake Fluid (3), Air Filter (3)",6019
RE-0071,MH12AB0071,Meteor 350,Rohan Kulkarni,M02,Amit,19-01-2025,3037,"Motul 300V (3), Air Filter (3)",2385
RE-0028,MH12AB0028,Classic 350,Rahul Patil,M03,Vikram,20-01-2025,3414,"Chain Lube (1), Brake Fluid (2)",2833
RE-0095,MH12AB0095,Classic 350,Sneha Joshi,M05,Nilesh,21-01-2025,4067,"Air Filter (3), Brake Fluid (3), Chain Lube (1), Motul 7100 (1)",6174
RE-0019,MH12AB0019,Bullet 350,Kiran More,M01,Raj,22-01-2025,5211,"Motul 300V (3), Oil Filter (1), Brake Pad (1), Chain Lube (2)",4693
RE-0058,MH12AB0058,Interceptor 650,Priya Deshmukh,M04,Kunal,23-01-2025,992,"Spark Plug (2), Brake Pad (3), Oil Filter (3)",7738
RE-0072,MH12AB0072,Classic 350,Priya Deshmukh,M02,Amit,24-01-2025,2817,"Motul 7100 (2), Spark Plug (3), Air Filter (2)",3120
RE-0016,MH12AB0016,Meteor 350,Sameer Patil,M03,Vikram,25-01-2025,2623,"Chain Lube (2), Motul 7100 (3)",2224
RE-0021,MH12AB0021,Meteor 350,Rahul Patil,M04,Kunal,26-01-2025,2697,"Air Filter (2), Oil Filter (1), Spark Plug (1), Motul 7100 (3)",6612
RE-0050,MH12AB0050,Hunter 350,Sneha Joshi,M05,Nilesh,27-01-2025,3944,"Motul 7100 (1), Motul 300V (2), Brake Fluid (1)",2255
RE-0055,MH12AB0055,Bullet 350,Priya Deshmukh,M02,Amit,28-01-2025,3233,"Brake Fluid (2), Brake Pad (3), Oil Filter (2), Motul 300V (2)",3073
RE-0011,MH12AB0011,Bullet 350,Kiran More,M03,Vikram,29-01-2025,2589,"Brake Fluid (2), Motul 300V (2)",2838
RE-0091,MH12AB0091,Interceptor 650,Sneha Joshi,M02,Amit,30-01-2025,2765,"Motul 300V (2), Motul 7100 (3), Air Filter (2)",5385
RE-0035,MH12AB0035,Interceptor 650,Sameer Patil,M03,Vikram,31-01-2025,3560,"Motul 300V (3), Brake Fluid (3)",5169
RE-0032,MH12AB0032,Bullet 350,Sneha Joshi,M04,Kunal,01-02-2025,4470,"Brake Fluid (2), Chain Lube (1), Spark Plug (1), Air Filter (2)",4189
RE-0002,MH12AB0002,Hunter 350,Rahul Patil,M03,Vikram,02-02-2025,1919,"Oil Filter (3), Motul 300V (3), Air Filter (3)",6909
RE-0059,MH12AB0059,Hunter 350,Sneha Joshi,M03,Vikram,03-02-2025,2379,"Motul 300V (2), Oil Filter (1), Air Filter (2)",3036
RE-0001,MH12AB0001,Bullet 350,Sneha Joshi,M01,Raj,04-02-2025,3837,"Chain Lube (1), Brake Fluid (3), Brake Pad (1)",1829
RE-0052,MH12AB0052,Classic 350,Priya Deshmukh,M01,Raj,05-02-2025,1444,"Chain Lube (1), Brake Pad (3), Motul 7100 (2)",5632
RE-0093,MH12AB0093,Bullet 350,Sneha Joshi,M05,Nilesh,06-02-2025,1929,"Air Filter (1), Brake Pad (3), Brake Fluid (3), Chain Lube (1)",3801
RE-0082,MH12AB0082,Bullet 350,Kiran More,M04,Kunal,07-02-2025,3761,"Motul 300V (3), Brake Pad (2), Brake Fluid (1)",4415
RE-0069,MH12AB0069,Classic 350,Sameer Patil,M05,Nilesh,08-02-2025,2128,"Brake Fluid (1), Oil Filter (1)",1263
RE-0064,MH12AB0064,Interceptor 650,Saurabh Kale,M04,Kunal,09-02-2025,3911,"Chain Lube (3), Air Filter (1), Motul 300V (2), Brake Fluid (3)",5778
RE-0018,MH12AB0018,Meteor 350,Sameer Patil,M01,Raj,10-02-2025,1295,"Chain Lube (3), Brake Pad (3), Motul 300V (2)",6709
RE-0060,MH12AB0060,Meteor 350,Rohan Kulkarni,M02,Amit,11-02-2025,2232,"Motul 7100 (2), Spark Plug (1), Motul 300V (2)",4765
RE-0027,MH12AB0027,Hunter 350,Rohan Kulkarni,M01,Raj,12-02-2025,1906,"Chain Lube (1), Oil Filter (2)",1951
RE-0064,MH12AB0064,Classic 350,Neha Pawar,M04,Kunal,13-02-2025,4608,"Oil Filter (2), Motul 300V (2)",3682
RE-0045,MH12AB0045,Classic 350,Rahul Patil,M03,Vikram,14-02-2025,4753,"Brake Pad (2), Motul 300V (2)",2474
RE-0095,MH12AB0095,Hunter 350,Amit Sharma,M03,Vikram,15-02-2025,4563,"Motul 7100 (3), Spark Plug (2), Air Filter (2)",3466
RE-0007,MH12AB0007,Meteor 350,Rahul Patil,M02,Amit,16-02-2025,3689,"Chain Lube (3), Spark Plug (1)",3302
RE-0098,MH12AB0098,Hunter 350,Sameer Patil,M05,Nilesh,17-02-2025,4544,"Motul 7100 (3), Motul 300V (2)",3839
RE-0007,MH12AB0007,Hunter 350,Neha Pawar,M02,Amit,18-02-2025,4452,"Brake Fluid (2), Spark Plug (2)",2800
RE-0084,MH12AB0084,Meteor 350,Neha Pawar,M04,Kunal,19-02-2025,2963,"Air Filter (1), Motul 300V (3), Motul 7100 (3), Brake Pad (2)",7541
RE-0018,MH12AB0018,Hunter 350,Priya Deshmukh,M02,Amit,20-02-2025,2055,"Motul 7100 (2), Brake Fluid (2)",1950
RE-0073,MH12AB0073,Hunter 350,Saurabh Kale,M04,Kunal,21-02-2025,2375,"Air Filter (1), Brake Pad (2), Chain Lube (1)",3775
RE-0047,MH12AB0047,Bullet 350,Neha Pawar,M05,Nilesh,22-02-2025,2760,"Spark Plug (2), Motul 300V (3), Oil Filter (2), Motul 7100 (1)",7113
RE-0091,MH12AB0091,Classic 350,Sneha Joshi,M05,Nilesh,23-02-2025,3449,"Motul 300V (3), Brake Fluid (2), Spark Plug (1)",5248
RE-0067,MH12AB0067,Hunter 350,Sneha Joshi,M04,Kunal,24-02-2025,2254,"Motul 300V (1), Brake Fluid (3)",1304
RE-0081,MH12AB0081,Meteor 350,Priya Deshmukh,M04,Kunal,25-02-2025,3302,"Motul 7100 (3), Motul 300V (2), Air Filter (1), Oil Filter (1)",3913
RE-0041,MH12AB0041,Classic 350,Sameer Patil,M05,Nilesh,26-02-2025,3171,"Spark Plug (2), Motul 300V (1)",1752
RE-0087,MH12AB0087,Meteor 350,Akash Jadhav,M03,Vikram,27-02-2025,4223,"Air Filter (1), Oil Filter (1)",2001
RE-0088,MH12AB0088,Hunter 350,Priya Deshmukh,M01,Raj,28-02-2025,4148,"Motul 7100 (1), Brake Fluid (1), Spark Plug (2)",2616
RE-0014,MH12AB0014,Meteor 350,Rahul Patil,M02,Amit,01-03-2025,5385,"Brake Fluid (3), Spark Plug (3)",2142
RE-0028,MH12AB0028,Meteor 350,Akash Jadhav,M05,Nilesh,02-03-2025,3638,"Air Filter (3), Motul 300V (1)",1774
RE-0094,MH12AB0094,Meteor 350,Akash Jadhav,M01,Raj,03-03-2025,4213,"Brake Pad (1), Motul 7100 (1)",1895
RE-0043,MH12AB0043,Interceptor 650,Rohan Kulkarni,M01,Raj,04-03-2025,4497,"Motul 7100 (1), Oil Filter (2)",1675
RE-0049,MH12AB0049,Classic 350,Akash Jadhav,M04,Kunal,05-03-2025,3937,"Motul 300V (2), Brake Pad (2)",3228
RE-0047,MH12AB0047,Bullet 350,Saurabh Kale,M01,Raj,06-03-2025,3445,"Air Filter (1), Motul 7100 (1), Brake Pad (1), Spark Plug (2)",3393
RE-0044,MH12AB0044,Bullet 350,Rohan Kulkarni,M03,Vikram,07-03-2025,3439,"Motul 300V (3), Oil Filter (2), Brake Pad (1)",4195
RE-0014,MH12AB0014,Classic 350,Saurabh Kale,M04,Kunal,08-03-2025,6071,"Chain Lube (1), Spark Plug (1), Air Filter (3)",3646
RE-0031,MH12AB0031,Meteor 350,Kiran More,M04,Kunal,09-03-2025,3712,"Motul 7100 (2), Chain Lube (1), Brake Fluid (1)",2158
RE-0070,MH12AB0070,Meteor 350,Sameer Patil,M04,Kunal,10-03-2025,3532,"Motul 7100 (3), Oil Filter (1)",1313
RE-0091,MH12AB0091,Hunter 350,Priya Deshmukh,M02,Amit,11-03-2025,4106,"Oil Filter (2), Spark Plug (3)",2456
RE-0036,MH12AB0036,Meteor 350,Priya Deshmukh,M03,Vikram,12-03-2025,3273,"Chain Lube (1), Motul 7100 (1), Spark Plug (2), Air Filter (2)",2750
RE-0032,MH12AB0032,Meteor 350,Rohan Kulkarni,M05,Nilesh,13-03-2025,5189,"Motul 7100 (2), Brake Pad (1)",609
RE-0058,MH12AB0058,Meteor 350,Saurabh Kale,M01,Raj,14-03-2025,1574,"Spark Plug (1), Motul 300V (1), Air Filter (3)",3001
RE-0034,MH12AB0034,Bullet 350,Akash Jadhav,M05,Nilesh,15-03-2025,859,"Brake Pad (2), Motul 7100 (1), Motul 300V (2), Oil Filter (3)",3599
RE-0053,MH12AB0053,Interceptor 650,Sneha Joshi,M05,Nilesh,16-03-2025,3934,"Motul 7100 (2), Brake Fluid (1), Motul 300V (1)",4224
RE-0082,MH12AB0082,Meteor 350,Neha Pawar,M01,Raj,17-03-2025,4507,"Oil Filter (2), Spark Plug (3), Brake Pad (2), Brake Fluid (2)",6069
RE-0003,MH12AB0003,Interceptor 650,Akash Jadhav,M02,Amit,18-03-2025,4339,"Air Filter (2), Motul 7100 (2), Motul 300V (1)",2685
RE-0059,MH12AB0059,Interceptor 650,Sneha Joshi,M02,Amit,19-03-2025,2745,"Motul 300V (1), Chain Lube (1)",1871
RE-0019,MH12AB0019,Hunter 350,Sneha Joshi,M03,Vikram,20-03-2025,5767,"Oil Filter (1), Motul 300V (2)",2043
RE-0006,MH12AB0006,Meteor 350,Sneha Joshi,M01,Raj,21-03-2025,4976,"Air Filter (3), Motul 300V (3), Brake Pad (3), Chain Lube (3)",7833
RE-0073,MH12AB0073,Hunter 350,Amit Sharma,M01,Raj,22-03-2025,2798,"Oil Filter (1), Spark Plug (1), Brake Fluid (1)",1228
RE-0050,MH12AB0050,Meteor 350,Sneha Joshi,M04,Kunal,23-03-2025,4757,"Chain Lube (3), Brake Pad (2), Spark Plug (3), Oil Filter (2)",8942
RE-0003,MH12AB0003,Bullet 350,Sneha Joshi,M05,Nilesh,24-03-2025,4542,"Brake Fluid (3), Motul 7100 (1), Spark Plug (2)",5121
RE-0046,MH12AB0046,Bullet 350,Rahul Patil,M01,Raj,25-03-2025,4601,"Motul 300V (1), Brake Fluid (3), Brake Pad (3)",6285
RE-0097,MH12AB0097,Meteor 350,Priya Deshmukh,M02,Amit,26-03-2025,5214,"Motul 7100 (3), Chain Lube (1)",1541
RE-0022,MH12AB0022,Interceptor 650,Kiran More,M03,Vikram,27-03-2025,2578,"Chain Lube (2), Motul 7100 (1), Oil Filter (3), Brake Fluid (1)",6925
RE-0031,MH12AB0031,Hunter 350,Neha Pawar,M03,Vikram,28-03-2025,4238,"Spark Plug (2), Motul 7100 (3)",3117
RE-0022,MH12AB0022,Hunter 350,Saurabh Kale,M01,Raj,29-03-2025,3048,"Motul 300V (3), Brake Pad (2), Oil Filter (3), Spark Plug (2)",7574
RE-0019,MH12AB0019,Hunter 350,Saurabh Kale,M03,Vikram,30-03-2025,6335,"Brake Fluid (1), Motul 7100 (2)",1586
RE-0085,MH12AB0085,Hunter 350,Rahul Patil,M01,Raj,31-03-2025,3262,"Oil Filter (3), Brake Fluid (2)",5503
RE-0017,MH12AB0017,Meteor 350,Saurabh Kale,M05,Nilesh,01-04-2025,4932,"Motul 300V (3), Brake Fluid (2), Air Filter (3), Brake Pad (3)",7832
RE-0039,MH12AB0039,Meteor 350,Priya Deshmukh,M03,Vikram,02-04-2025,2004,"Brake Fluid (1), Motul 7100 (2), Air Filter (1), Motul 300V (3)",3699
RE-0002,MH12AB0002,Bullet 350,Kiran More,M05,Nilesh,03-04-2025,2176,"Brake Fluid (3), Chain Lube (1), Air Filter (1)",4205
RE-0004,MH12AB0004,Classic 350,Neha Pawar,M02,Amit,04-04-2025,4215,"Motul 300V (1), Air Filter (3)",1834
RE-0026,MH12AB0026,Interceptor 650,Rahul Patil,M05,Nilesh,05-04-2025,5567,"Air Filter (3), Brake Fluid (1), Chain Lube (3), Motul 7100 (3)",7244
RE-0049,MH12AB0049,Bullet 350,Amit Sharma,M04,Kunal,06-04-2025,4584,"Brake Fluid (1), Motul 7100 (2)",1615
RE-0043,MH12AB0043,Bullet 350,Sneha Joshi,M01,Raj,07-04-2025,4966,"Air Filter (2), Brake Pad (3), Chain Lube (1)",4481
RE-0034,MH12AB0034,Meteor 350,Kiran More,M02,Amit,08-04-2025,1300,"Brake Pad (2), Motul 7100 (3)",3561
RE-0061,MH12AB0061,Interceptor 650,Sneha Joshi,M05,Nilesh,09-04-2025,3704,"Motul 300V (3), Air Filter (3), Brake Fluid (1), Spark Plug (3)",6102
RE-0019,MH12AB0019,Bullet 350,Rahul Patil,M01,Raj,10-04-2025,6568,"Motul 7100 (1), Chain Lube (1)",1064
RE-0018,MH12AB0018,Classic 350,Rohan Kulkarni,M01,Raj,11-04-2025,2913,"Motul 7100 (3), Brake Pad (1), Motul 300V (3), Air Filter (1)",6429
RE-0015,MH12AB0015,Hunter 350,Priya Deshmukh,M01,Raj,12-04-2025,1012,"Chain Lube (1), Spark Plug (2), Motul 300V (2), Motul 7100 (2)",4593
RE-0037,MH12AB0037,Bullet 350,Kiran More,M03,Vikram,13-04-2025,1472,"Brake Fluid (3), Air Filter (2), Oil Filter (2), Chain Lube (2)",3987
RE-0073,MH12AB0073,Meteor 350,Sneha Joshi,M01,Raj,14-04-2025,3219,"Chain Lube (3), Motul 7100 (2), Spark Plug (1), Motul 300V (2)",3761
RE-0064,MH12AB0064,Hunter 350,Akash Jadhav,M03,Vikram,15-04-2025,5414,"Chain Lube (1), Brake Fluid (2), Motul 7100 (1), Oil Filter (2)",2645
RE-0013,MH12AB0013,Classic 350,Sameer Patil,M01,Raj,16-04-2025,4391,"Motul 300V (2), Oil Filter (2), Motul 7100 (1)",4656
RE-0017,MH12AB0017,Interceptor 650,Rohan Kulkarni,M05,Nilesh,17-04-2025,5676,"Motul 300V (3), Oil Filter (2), Chain Lube (1), Air Filter (2)",5478
RE-0017,MH12AB0017,Classic 350,Rohan Kulkarni,M04,Kunal,18-04-2025,6218,"Spark Plug (2), Chain Lube (3), Motul 7100 (1), Oil Filter (3)",5746
RE-0042,MH12AB0042,Classic 350,Amit Sharma,M03,Vikram,19-04-2025,2732,"Motul 7100 (1), Brake Fluid (1), Brake Pad (2), Motul 300V (2)",4327
RE-0082,MH12AB0082,Classic 350,Kiran More,M03,Vikram,20-04-2025,4816,"Air Filter (1), Spark Plug (2)",2263
RE-0081,MH12AB0081,Meteor 350,Saurabh Kale,M04,Kunal,21-04-2025,3805,"Oil Filter (3), Brake Fluid (1)",3580
RE-0076,MH12AB0076,Hunter 350,Priya Deshmukh,M04,Kunal,22-04-2025,3324,"Spark Plug (1), Brake Pad (2)",2474
RE-0081,MH12AB0081,Meteor 350,Sameer Patil,M04,Kunal,23-04-2025,4105,"Air Filter (3), Brake Pad (2)",3444
RE-0003,MH12AB0003,Interceptor 650,Akash Jadhav,M04,Kunal,24-04-2025,5378,"Oil Filter (2), Brake Pad (1), Brake Fluid (2), Motul 300V (1)",4285
RE-0013,MH12AB0013,Meteor 350,Kiran More,M04,Kunal,25-04-2025,5179,"Spark Plug (1), Brake Pad (3), Brake Fluid (2), Chain Lube (1)",6159
RE-0098,MH12AB0098,Meteor 350,Akash Jadhav,M05,Nilesh,26-04-2025,4869,"Motul 300V (2), Oil Filter (1), Air Filter (1)",3120
RE-0075,MH12AB0075,Classic 350,Sameer Patil,M02,Amit,27-04-2025,2983,"Air Filter (2), Chain Lube (1), Motul 7100 (1)",2969
RE-0083,MH12AB0083,Hunter 350,Neha Pawar,M03,Vikram,28-04-2025,2700,"Air Filter (3), Spark Plug (2), Oil Filter (1), Chain Lube (3)",6427
RE-0087,MH12AB0087,Meteor 350,Neha Pawar,M04,Kunal,29-04-2025,4613,"Chain Lube (1), Oil Filter (2)",3032
RE-0080,MH12AB0080,Bullet 350,Rohan Kulkarni,M01,Raj,30-04-2025,2461,"Brake Pad (1), Motul 7100 (3), Oil Filter (1), Spark Plug (3)",4162
RE-0010,MH12AB0010,Classic 350,Rohan Kulkarni,M05,Nilesh,01-05-2025,3356,"Oil Filter (1), Air Filter (2)",2248
RE-0052,MH12AB0052,Bullet 350,Kiran More,M02,Amit,02-05-2025,2191,"Motul 7100 (1), Brake Pad (3), Chain Lube (3), Oil Filter (3)",6997
RE-0016,MH12AB0016,Classic 350,Sameer Patil,M04,Kunal,03-05-2025,3093,"Oil Filter (2), Spark Plug (2)",2750
RE-0032,MH12AB0032,Bullet 350,Sneha Joshi,M02,Amit,04-05-2025,5899,"Motul 300V (3), Motul 7100 (3), Oil Filter (2), Spark Plug (2)",9626
RE-0082,MH12AB0082,Meteor 350,Sameer Patil,M01,Raj,05-05-2025,5385,"Motul 300V (3), Brake Pad (1)",3673
RE-0097,MH12AB0097,Hunter 350,Sameer Patil,M01,Raj,06-05-2025,5561,"Air Filter (1), Brake Pad (1)",1742
RE-0100,MH12AB0100,Meteor 350,Akash Jadhav,M02,Amit,07-05-2025,5572,"Air Filter (2), Oil Filter (2), Spark Plug (2)",4334
RE-0065,MH12AB0065,Hunter 350,Sneha Joshi,M03,Vikram,08-05-2025,3443,"Brake Fluid (1), Air Filter (1)",1626
RE-0076,MH12AB0076,Meteor 350,Priya Deshmukh,M01,Raj,09-05-2025,4174,"Air Filter (3), Brake Pad (3)",3696
RE-0014,MH12AB0014,Interceptor 650,Sneha Joshi,M01,Raj,10-05-2025,6277,"Brake Fluid (3), Chain Lube (3)",3579
RE-0081,MH12AB0081,Hunter 350,Sneha Joshi,M05,Nilesh,11-05-2025,4994,"Motul 7100 (3), Brake Fluid (1), Motul 300V (1), Spark Plug (1)",3229
RE-0040,MH12AB0040,Interceptor 650,Neha Pawar,M02,Amit,12-05-2025,3122,"Motul 300V (2), Oil Filter (2), Brake Fluid (1)",1994
RE-0058,MH12AB0058,Bullet 350,Neha Pawar,M01,Raj,13-05-2025,1842,"Air Filter (2), Chain Lube (3), Brake Fluid (1), Motul 7100 (1)",4639
RE-0001,MH12AB0001,Hunter 350,Saurabh Kale,M01,Raj,14-05-2025,4046,"Spark Plug (1), Air Filter (2)",786
RE-0032,MH12AB0032,Hunter 350,Kiran More,M02,Amit,15-05-2025,6560,"Brake Pad (3), Air Filter (3)",2304
RE-0091,MH12AB0091,Meteor 350,Saurabh Kale,M04,Kunal,16-05-2025,4816,"Chain Lube (1), Motul 300V (1), Brake Pad (2), Air Filter (2)",3139
RE-0008,MH12AB0008,Meteor 350,Priya Deshmukh,M05,Nilesh,17-05-2025,3666,"Brake Fluid (1), Spark Plug (2), Brake Pad (3), Motul 7100 (2)",6252
RE-0097,MH12AB0097,Interceptor 650,Neha Pawar,M03,Vikram,18-05-2025,6341,"Chain Lube (3), Motul 300V (3), Brake Fluid (1)",3815
RE-0032,MH12AB0032,Hunter 350,Sneha Joshi,M04,Kunal,19-05-2025,7145,"Air Filter (2), Chain Lube (2), Motul 7100 (2), Spark Plug (1)",3948
RE-0074,MH12AB0074,Meteor 350,Sameer Patil,M03,Vikram,20-05-2025,4046,"Brake Fluid (3), Oil Filter (2), Chain Lube (3), Motul 300V (2)",6967
RE-0091,MH12AB0091,Interceptor 650,Akash Jadhav,M03,Vikram,21-05-2025,5227,"Motul 300V (3), Air Filter (3), Spark Plug (1), Brake Pad (2)",5606
RE-0062,MH12AB0062,Hunter 350,Saurabh Kale,M02,Amit,22-05-2025,5449,"Spark Plug (1), Motul 7100 (3)",2749
RE-0073,MH12AB0073,Hunter 350,Priya Deshmukh,M04,Kunal,23-05-2025,3786,"Oil Filter (2), Motul 7100 (2), Motul 300V (1), Spark Plug (2)",3825
RE-0067,MH12AB0067,Hunter 350,Priya Deshmukh,M01,Raj,24-05-2025,3075,"Motul 300V (3), Motul 7100 (3)",5196
RE-0055,MH12AB0055,Meteor 350,Sameer Patil,M04,Kunal,25-05-2025,3532,"Oil Filter (1), Brake Fluid (2), Motul 300V (1), Air Filter (1)",2323
RE-0009,MH12AB0009,Meteor 350,Sneha Joshi,M01,Raj,26-05-2025,4077,"Brake Pad (3), Chain Lube (3), Motul 7100 (2)",5608
RE-0048,MH12AB0048,Interceptor 650,Sameer Patil,M02,Amit,27-05-2025,2853,"Chain Lube (1), Oil Filter (1)",884
RE-0008,MH12AB0008,Meteor 350,Akash Jadhav,M02,Amit,28-05-2025,3969,"Motul 300V (3), Motul 7100 (3), Brake Pad (3)",6537
RE-0048,MH12AB0048,Classic 350,Rahul Patil,M04,Kunal,29-05-2025,3316,"Brake Pad (2), Spark Plug (2)",2266
RE-0060,MH12AB0060,Meteor 350,Amit Sharma,M01,Raj,30-05-2025,2631,"Spark Plug (3), Motul 300V (3)",4050
RE-0050,MH12AB0050,Classic 350,Rahul Patil,M01,Raj,31-05-2025,4979,"Brake Pad (2), Oil Filter (3), Motul 7100 (1)",4298
RE-0024,MH12AB0024,Hunter 350,Sneha Joshi,M02,Amit,01-06-2025,4963,"Oil Filter (2), Brake Fluid (1), Spark Plug (2)",3026
RE-0034,MH12AB0034,Hunter 350,Amit Sharma,M01,Raj,02-06-2025,2002,"Brake Fluid (1), Spark Plug (3), Motul 300V (3)",5393
RE-0033,MH12AB0033,Classic 350,Rahul Patil,M04,Kunal,03-06-2025,2724,"Spark Plug (2), Motul 7100 (2), Motul 300V (1)",3199
RE-0057,MH12AB0057,Interceptor 650,Sneha Joshi,M03,Vikram,04-06-2025,2860,"Oil Filter (2), Spark Plug (2), Motul 300V (1), Chain Lube (1)",4845
RE-0018,MH12AB0018,Hunter 350,Sneha Joshi,M05,Nilesh,05-06-2025,3297,"Oil Filter (3), Motul 7100 (1)",2100
RE-0027,MH12AB0027,Hunter 350,Priya Deshmukh,M05,Nilesh,06-06-2025,2246,"Spark Plug (1), Chain Lube (3), Oil Filter (3), Motul 7100 (3)",6611
RE-0082,MH12AB0082,Classic 350,Sneha Joshi,M01,Raj,07-06-2025,6089,"Air Filter (2), Brake Fluid (3)",2929
RE-0073,MH12AB0073,Interceptor 650,Amit Sharma,M01,Raj,08-06-2025,4361,"Brake Pad (3), Chain Lube (2)",2601
RE-0016,MH12AB0016,Interceptor 650,Kiran More,M02,Amit,09-06-2025,3658,"Air Filter (2), Chain Lube (3), Motul 300V (2)",4633
RE-0018,MH12AB0018,Hunter 350,Kiran More,M02,Amit,10-06-2025,3518,"Spark Plug (1), Chain Lube (1)",1281
RE-0004,MH12AB0004,Bullet 350,Sneha Joshi,M01,Raj,11-06-2025,4434,"Spark Plug (3), Oil Filter (3), Motul 300V (3), Chain Lube (1)",9259
RE-0006,MH12AB0006,Interceptor 650,Saurabh Kale,M01,Raj,12-06-2025,5455,"Brake Fluid (2), Chain Lube (1), Air Filter (2)",2008
RE-0030,MH12AB0030,Meteor 350,Rahul Patil,M05,Nilesh,13-06-2025,2709,"Air Filter (3), Motul 7100 (3), Motul 300V (3)",6543
RE-0100,MH12AB0100,Hunter 350,Kiran More,M03,Vikram,14-06-2025,6143,"Spark Plug (3), Air Filter (3), Oil Filter (2)",6062
RE-0019,MH12AB0019,Interceptor 650,Sneha Joshi,M03,Vikram,15-06-2025,7464,"Air Filter (3), Brake Pad (2)",1265
RE-0009,MH12AB0009,Bullet 350,Rahul Patil,M04,Kunal,16-06-2025,4609,"Motul 300V (1), Motul 7100 (2)",3169
RE-0005,MH12AB0005,Bullet 350,Priya Deshmukh,M05,Nilesh,17-06-2025,3571,"Motul 300V (2), Chain Lube (3), Brake Fluid (2)",2597
RE-0015,MH12AB0015,Interceptor 650,Sneha Joshi,M03,Vikram,18-06-2025,1524,"Oil Filter (3), Motul 300V (1), Air Filter (3), Chain Lube (2)",5367
RE-0038,MH12AB0038,Classic 350,Kiran More,M03,Vikram,19-06-2025,4621,"Spark Plug (3), Brake Pad (2), Motul 300V (3)",6243
RE-0091,MH12AB0091,Interceptor 650,Neha Pawar,M04,Kunal,20-06-2025,5802,"Chain Lube (2), Brake Fluid (1), Spark Plug (1), Brake Pad (3)",4597
RE-0002,MH12AB0002,Classic 350,Priya Deshmukh,M02,Amit,21-06-2025,2737,"Brake Pad (2), Chain Lube (2)",3778
RE-0008,MH12AB0008,Interceptor 650,Rohan Kulkarni,M02,Amit,22-06-2025,4191,"Motul 7100 (3), Chain Lube (3), Oil Filter (2), Spark Plug (3)",6532
RE-0087,MH12AB0087,Hunter 350,Sneha Joshi,M04,Kunal,23-06-2025,4971,"Brake Pad (1), Motul 7100 (3), Brake Fluid (3)",5117
RE-0053,MH12AB0053,Meteor 350,Sameer Patil,M01,Raj,24-06-2025,4239,"Motul 7100 (3), Spark Plug (2), Air Filter (3)",3943
RE-0089,MH12AB0089,Meteor 350,Sameer Patil,M03,Vikram,25-06-2025,4745,"Brake Pad (3), Spark Plug (3), Chain Lube (1)",6411
RE-0039,MH12AB0039,Hunter 350,Rohan Kulkarni,M05,Nilesh,26-06-2025,2392,"Oil Filter (2), Spark Plug (1), Chain Lube (2)",3368
RE-0055,MH12AB0055,Interceptor 650,Saurabh Kale,M01,Raj,27-06-2025,3742,"Chain Lube (2), Brake Fluid (3)",3895
RE-0056,MH12AB0056,Bullet 350,Neha Pawar,M05,Nilesh,28-06-2025,4925,"Air Filter (1), Spark Plug (2), Brake Fluid (3), Oil Filter (3)",3935
RE-0048,MH12AB0048,Hunter 350,Akash Jadhav,M04,Kunal,29-06-2025,4028,"Oil Filter (2), Motul 7100 (3), Spark Plug (3), Brake Pad (1)",6567
RE-0010,MH12AB0010,Classic 350,Kiran More,M05,Nilesh,30-06-2025,3874,"Motul 7100 (2), Brake Pad (3)",4739
RE-0038,MH12AB0038,Hunter 350,Kiran More,M02,Amit,01-07-2025,5344,"Spark Plug (3), Brake Fluid (2), Motul 7100 (3), Motul 300V (1)",4707
RE-0001,MH12AB0001,Interceptor 650,Saurabh Kale,M04,Kunal,02-07-2025,4557,"Motul 300V (1), Brake Pad (1)",1721
RE-0035,MH12AB0035,Bullet 350,Amit Sharma,M05,Nilesh,03-07-2025,4422,"Oil Filter (3), Chain Lube (1), Motul 7100 (3), Spark Plug (1)",5453
RE-0022,MH12AB0022,Hunter 350,Priya Deshmukh,M04,Kunal,04-07-2025,3783,"Air Filter (3), Brake Fluid (3), Motul 300V (1)",3595
RE-0022,MH12AB0022,Interceptor 650,Rahul Patil,M03,Vikram,05-07-2025,4016,"Motul 7100 (2), Air Filter (2), Chain Lube (1), Motul 300V (1)",4183
RE-0057,MH12AB0057,Hunter 350,Rahul Patil,M05,Nilesh,06-07-2025,3115,"Spark Plug (1), Motul 7100 (3)",1991
RE-0059,MH12AB0059,Bullet 350,Rohan Kulkarni,M04,Kunal,07-07-2025,3255,"Chain Lube (3), Spark Plug (3), Motul 300V (2), Motul 7100 (2)",8503
RE-0012,MH12AB0012,Interceptor 650,Neha Pawar,M02,Amit,08-07-2025,4793,"Air Filter (2), Motul 7100 (3), Motul 300V (1)",5437
RE-0043,MH12AB0043,Meteor 350,Priya Deshmukh,M01,Raj,09-07-2025,5578,"Air Filter (2), Brake Fluid (2)",2384
RE-0045,MH12AB0045,Classic 350,Amit Sharma,M04,Kunal,10-07-2025,5195,"Chain Lube (1), Brake Pad (1)",1494
RE-0026,MH12AB0026,Classic 350,Neha Pawar,M05,Nilesh,11-07-2025,6043,"Brake Fluid (1), Spark Plug (2)",2220
RE-0049,MH12AB0049,Classic 350,Priya Deshmukh,M05,Nilesh,12-07-2025,5428,"Chain Lube (3), Spark Plug (1)",2781
RE-0077,MH12AB0077,Bullet 350,Saurabh Kale,M03,Vikram,13-07-2025,4908,"Spark Plug (1), Brake Fluid (1), Chain Lube (1), Brake Pad (3)",5124
RE-0019,MH12AB0019,Interceptor 650,Priya Deshmukh,M01,Raj,14-07-2025,7982,"Motul 7100 (1), Brake Pad (1), Brake Fluid (1)",2070
RE-0025,MH12AB0025,Meteor 350,Sameer Patil,M01,Raj,15-07-2025,1557,"Chain Lube (3), Motul 7100 (2)",4657
RE-0100,MH12AB0100,Classic 350,Neha Pawar,M02,Amit,16-07-2025,6986,"Oil Filter (3), Motul 300V (2), Brake Fluid (3)",6300
RE-0046,MH12AB0046,Meteor 350,Rahul Patil,M01,Raj,17-07-2025,5444,"Chain Lube (2), Motul 300V (3)",1892
RE-0078,MH12AB0078,Interceptor 650,Sameer Patil,M02,Amit,18-07-2025,2468,"Oil Filter (1), Spark Plug (3), Brake Pad (3)",4185
RE-0092,MH12AB0092,Bullet 350,Neha Pawar,M04,Kunal,19-07-2025,5226,"Brake Pad (1), Motul 300V (1), Air Filter (1), Oil Filter (1)",2282
RE-0089,MH12AB0089,Hunter 350,Kiran More,M05,Nilesh,20-07-2025,5348,"Chain Lube (1), Brake Fluid (2)",2976
RE-0095,MH12AB0095,Classic 350,Kiran More,M04,Kunal,21-07-2025,5406,"Motul 300V (2), Brake Pad (1), Air Filter (1), Motul 7100 (3)",5839
RE-0021,MH12AB0021,Meteor 350,Sameer Patil,M02,Amit,22-07-2025,3549,"Chain Lube (2), Motul 7100 (2), Motul 300V (1), Air Filter (1)",3615
RE-0031,MH12AB0031,Interceptor 650,Neha Pawar,M01,Raj,23-07-2025,4685,"Brake Fluid (3), Motul 7100 (1), Brake Pad (3), Oil Filter (2)",5440
RE-0098,MH12AB0098,Hunter 350,Priya Deshmukh,M02,Amit,24-07-2025,5242,"Brake Fluid (1), Air Filter (1), Spark Plug (2), Motul 7100 (1)",3047
RE-0026,MH12AB0026,Interceptor 650,Amit Sharma,M03,Vikram,25-07-2025,6356,"Motul 7100 (2), Brake Fluid (3), Oil Filter (2)",5885
RE-0006,MH12AB0006,Classic 350,Kiran More,M04,Kunal,26-07-2025,5666,"Motul 7100 (2), Brake Pad (1), Air Filter (2)",4833
RE-0042,MH12AB0042,Bullet 350,Sneha Joshi,M03,Vikram,27-07-2025,2940,"Chain Lube (3), Brake Pad (3)",3951
RE-0096,MH12AB0096,Meteor 350,Sneha Joshi,M01,Raj,28-07-2025,4005,"Oil Filter (1), Brake Fluid (1), Air Filter (3)",3737
RE-0083,MH12AB0083,Bullet 350,Rahul Patil,M03,Vikram,29-07-2025,3264,"Brake Pad (3), Motul 7100 (2)",3998
RE-0014,MH12AB0014,Hunter 350,Saurabh Kale,M04,Kunal,30-07-2025,7057,"Spark Plug (2), Brake Fluid (3)",3762
RE-0075,MH12AB0075,Bullet 350,Rahul Patil,M01,Raj,31-07-2025,3824,"Spark Plug (1), Motul 7100 (3)",3973
RE-0057,MH12AB0057,Hunter 350,Amit Sharma,M02,Amit,01-08-2025,3805,"Brake Pad (1), Motul 300V (2)",2083
RE-0085,MH12AB0085,Interceptor 650,Akash Jadhav,M05,Nilesh,02-08-2025,3518,"Air Filter (1), Oil Filter (3), Motul 300V (2), Spark Plug (1)",4536
RE-0073,MH12AB0073,Meteor 350,Saurabh Kale,M04,Kunal,03-08-2025,4761,"Brake Pad (2), Chain Lube (3)",3452
RE-0080,MH12AB0080,Interceptor 650,Rahul Patil,M01,Raj,04-08-2025,2744,"Brake Pad (3), Chain Lube (2), Brake Fluid (3), Oil Filter (2)",8300
RE-0025,MH12AB0025,Bullet 350,Rohan Kulkarni,M04,Kunal,05-08-2025,1984,"Motul 7100 (2), Brake Fluid (2), Brake Pad (3), Chain Lube (2)",7815
RE-0024,MH12AB0024,Interceptor 650,Saurabh Kale,M05,Nilesh,06-08-2025,5370,"Motul 7100 (1), Brake Fluid (3), Oil Filter (1), Motul 300V (1)",5590
RE-0073,MH12AB0073,Interceptor 650,Sneha Joshi,M04,Kunal,07-08-2025,5043,"Motul 7100 (3), Air Filter (3), Spark Plug (3), Brake Fluid (2)",7697
RE-0025,MH12AB0025,Bullet 350,Akash Jadhav,M04,Kunal,08-08-2025,2760,"Oil Filter (3), Brake Fluid (2)",2071
RE-0006,MH12AB0006,Interceptor 650,Rohan Kulkarni,M05,Nilesh,09-08-2025,5881,"Brake Fluid (1), Oil Filter (2)",1085
RE-0073,MH12AB0073,Classic 350,Akash Jadhav,M03,Vikram,10-08-2025,5360,"Brake Pad (2), Brake Fluid (2)",1148
RE-0066,MH12AB0066,Bullet 350,Rohan Kulkarni,M04,Kunal,11-08-2025,5363,"Brake Pad (2), Motul 300V (3)",2783
RE-0033,MH12AB0033,Interceptor 650,Priya Deshmukh,M02,Amit,12-08-2025,3286,"Brake Fluid (1), Motul 300V (2), Chain Lube (1), Spark Plug (1)",2080
RE-0088,MH12AB0088,Bullet 350,Akash Jadhav,M04,Kunal,13-08-2025,5033,"Chain Lube (3), Brake Fluid (2)",2456
RE-0020,MH12AB0020,Meteor 350,Neha Pawar,M04,Kunal,14-08-2025,5203,"Motul 300V (1), Brake Fluid (2)",1901
RE-0030,MH12AB0030,Interceptor 650,Saurabh Kale,M05,Nilesh,15-08-2025,3534,"Brake Pad (3), Oil Filter (2)",2615
RE-0006,MH12AB0006,Interceptor 650,Sameer Patil,M02,Amit,16-08-2025,6297,"Brake Fluid (2), Oil Filter (2), Chain Lube (1)",4311
RE-0043,MH12AB0043,Hunter 350,Neha Pawar,M01,Raj,17-08-2025,6010,"Brake Fluid (1), Chain Lube (3)",1780
RE-0035,MH12AB0035,Classic 350,Neha Pawar,M05,Nilesh,18-08-2025,4687,"Brake Pad (3), Chain Lube (3), Air Filter (3)",2994
RE-0082,MH12AB0082,Interceptor 650,Rohan Kulkarni,M01,Raj,19-08-2025,6874,"Chain Lube (1), Air Filter (2), Motul 7100 (3)",4671
RE-0045,MH12AB0045,Classic 350,Akash Jadhav,M04,Kunal,20-08-2025,5958,"Motul 300V (3), Brake Pad (2), Oil Filter (2)",6091
RE-0020,MH12AB0020,Classic 350,Saurabh Kale,M02,Amit,21-08-2025,5541,"Brake Fluid (2), Spark Plug (3)",4229
RE-0009,MH12AB0009,Hunter 350,Saurabh Kale,M03,Vikram,22-08-2025,4956,"Chain Lube (3), Oil Filter (1), Brake Pad (3), Brake Fluid (3)",5567
RE-0046,MH12AB0046,Classic 350,Rahul Patil,M03,Vikram,23-08-2025,6123,"Air Filter (2), Brake Pad (2), Motul 300V (3), Spark Plug (1)",3659
RE-0028,MH12AB0028,Classic 350,Saurabh Kale,M04,Kunal,24-08-2025,3886,"Spark Plug (3), Chain Lube (1), Oil Filter (3)",2502
RE-0007,MH12AB0007,Hunter 350,Akash Jadhav,M01,Raj,25-08-2025,4733,"Brake Pad (1), Brake Fluid (3), Motul 7100 (3), Motul 300V (1)",4261
RE-0096,MH12AB0096,Hunter 350,Sameer Patil,M04,Kunal,26-08-2025,4232,"Brake Pad (2), Motul 7100 (1), Motul 300V (2)",3257
RE-0002,MH12AB0002,Interceptor 650,Amit Sharma,M03,Vikram,27-08-2025,2963,"Brake Pad (3), Motul 300V (1), Spark Plug (1), Chain Lube (1)",3724
RE-0046,MH12AB0046,Bullet 350,Priya Deshmukh,M04,Kunal,28-08-2025,6693,"Oil Filter (3), Brake Pad (1), Chain Lube (3)",6543
RE-0084,MH12AB0084,Classic 350,Rohan Kulkarni,M04,Kunal,29-08-2025,3725,"Chain Lube (2), Oil Filter (2), Brake Fluid (3), Brake Pad (1)",5440
RE-0052,MH12AB0052,Classic 350,Sneha Joshi,M01,Raj,30-08-2025,2483,"Oil Filter (3), Motul 300V (3), Air Filter (2), Chain Lube (3)",6434
RE-0068,MH12AB0068,Bullet 350,Rahul Patil,M02,Amit,31-08-2025,1296,"Brake Fluid (2), Motul 7100 (2), Brake Pad (2)",3468
RE-0009,MH12AB0009,Meteor 350,Rohan Kulkarni,M04,Kunal,01-09-2025,5816,"Brake Pad (2), Motul 300V (2), Motul 7100 (1), Chain Lube (1)",4546
RE-0030,MH12AB0030,Classic 350,Priya Deshmukh,M02,Amit,02-09-2025,4096,"Air Filter (2), Brake Pad (1), Oil Filter (2)",4206
RE-0037,MH12AB0037,Classic 350,Saurabh Kale,M03,Vikram,03-09-2025,1762,"Brake Fluid (1), Air Filter (2)",2634
RE-0007,MH12AB0007,Bullet 350,Sneha Joshi,M03,Vikram,04-09-2025,5147,"Brake Fluid (2), Motul 7100 (2)",1272
RE-0002,MH12AB0002,Bullet 350,Neha Pawar,M03,Vikram,05-09-2025,3299,"Brake Pad (1), Motul 300V (3)",3990
RE-0044,MH12AB0044,Interceptor 650,Neha Pawar,M04,Kunal,06-09-2025,4296,"Motul 300V (1), Chain Lube (1), Motul 7100 (3)",2479
RE-0090,MH12AB0090,Classic 350,Kiran More,M01,Raj,07-09-2025,1579,"Motul 7100 (2), Motul 300V (3), Air Filter (1)",4453
RE-0019,MH12AB0019,Bullet 350,Priya Deshmukh,M05,Nilesh,08-09-2025,8830,"Motul 7100 (1), Chain Lube (1), Oil Filter (3), Spark Plug (2)",3391
RE-0035,MH12AB0035,Hunter 350,Rahul Patil,M01,Raj,09-09-2025,4957,"Motul 300V (3), Spark Plug (2)",3018
RE-0084,MH12AB0084,Meteor 350,Sneha Joshi,M05,Nilesh,10-09-2025,4389,"Brake Pad (3), Brake Fluid (2), Spark Plug (2)",6144
RE-0050,MH12AB0050,Classic 350,Rohan Kulkarni,M04,Kunal,11-09-2025,5573,"Motul 300V (3), Motul 7100 (2)",5372
RE-0085,MH12AB0085,Meteor 350,Sameer Patil,M01,Raj,12-09-2025,3836,"Motul 300V (3), Brake Pad (3), Brake Fluid (3), Spark Plug (2)",8300
RE-0066,MH12AB0066,Interceptor 650,Priya Deshmukh,M05,Nilesh,13-09-2025,5913,"Air Filter (2), Motul 7100 (2), Brake Pad (3), Spark Plug (1)",4986
RE-0034,MH12AB0034,Classic 350,Sneha Joshi,M03,Vikram,14-09-2025,2686,"Brake Fluid (1), Chain Lube (3), Motul 7100 (3), Brake Pad (2)",5366
RE-0085,MH12AB0085,Hunter 350,Akash Jadhav,M02,Amit,15-09-2025,4507,"Motul 300V (2), Oil Filter (2), Spark Plug (3), Air Filter (2)",4447
RE-0085,MH12AB0085,Meteor 350,Sameer Patil,M05,Nilesh,16-09-2025,5242,"Brake Fluid (2), Brake Pad (2), Motul 300V (3)",5180
RE-0094,MH12AB0094,Interceptor 650,Akash Jadhav,M05,Nilesh,17-09-2025,4591,"Motul 300V (1), Brake Pad (2)",2173
RE-0067,MH12AB0067,Hunter 350,Priya Deshmukh,M04,Kunal,18-09-2025,3623,"Motul 300V (1), Chain Lube (1), Motul 7100 (2)",2620
RE-0031,MH12AB0031,Hunter 350,Saurabh Kale,M04,Kunal,19-09-2025,5156,"Brake Fluid (1), Air Filter (1)",1579
RE-0100,MH12AB0100,Meteor 350,Saurabh Kale,M01,Raj,20-09-2025,7566,"Brake Fluid (3), Spark Plug (2), Oil Filter (3), Motul 300V (2)",7627
RE-0017,MH12AB0017,Meteor 350,Rahul Patil,M02,Amit,21-09-2025,7051,"Brake Pad (2), Motul 300V (1), Brake Fluid (2), Motul 7100 (3)",6557
RE-0014,MH12AB0014,Meteor 350,Sneha Joshi,M05,Nilesh,22-09-2025,7864,"Brake Fluid (2), Brake Pad (1), Spark Plug (2)",4449
RE-0066,MH12AB0066,Classic 350,Amit Sharma,M02,Amit,23-09-2025,6122,"Spark Plug (3), Brake Fluid (3), Chain Lube (2), Motul 300V (1)",7250
RE-0074,MH12AB0074,Meteor 350,Rahul Patil,M01,Raj,24-09-2025,4261,"Motul 7100 (3), Air Filter (1), Brake Fluid (3)",6310
RE-0071,MH12AB0071,Classic 350,Kiran More,M05,Nilesh,25-09-2025,3664,"Air Filter (1), Brake Fluid (2)",2116
RE-0001,MH12AB0001,Interceptor 650,Neha Pawar,M05,Nilesh,26-09-2025,4947,"Chain Lube (2), Motul 300V (3), Oil Filter (3)",6501
RE-0088,MH12AB0088,Classic 350,Kiran More,M03,Vikram,27-09-2025,5285,"Spark Plug (2), Air Filter (2), Brake Fluid (1)",2734
RE-0084,MH12AB0084,Bullet 350,Kiran More,M04,Kunal,28-09-2025,4971,"Brake Fluid (2), Brake Pad (1), Chain Lube (3), Motul 7100 (3)",5923
RE-0009,MH12AB0009,Meteor 350,Sameer Patil,M05,Nilesh,29-09-2025,6434,"Motul 300V (2), Oil Filter (1), Motul 7100 (3)",5315
RE-0027,MH12AB0027,Bullet 350,Saurabh Kale,M01,Raj,30-09-2025,2654,"Air Filter (3), Brake Fluid (1)",1642
RE-0064,MH12AB0064,Classic 350,Amit Sharma,M01,Raj,01-10-2025,5798,"Oil Filter (1), Spark Plug (1), Motul 7100 (3), Brake Fluid (2)",2806
RE-0007,MH12AB0007,Classic 350,Saurabh Kale,M02,Amit,02-10-2025,5771,"Chain Lube (1), Brake Pad (3), Spark Plug (1), Air Filter (2)",3514
RE-0041,MH12AB0041,Hunter 350,Neha Pawar,M02,Amit,03-10-2025,3945,"Chain Lube (1), Oil Filter (3), Brake Fluid (2)",2761
RE-0020,MH12AB0020,Meteor 350,Akash Jadhav,M03,Vikram,04-10-2025,6397,"Motul 7100 (2), Brake Fluid (3)",2486
RE-0087,MH12AB0087,Hunter 350,Sameer Patil,M01,Raj,05-10-2025,5582,"Brake Pad (3), Motul 300V (3)",2640
RE-0045,MH12AB0045,Classic 350,Sneha Joshi,M04,Kunal,06-10-2025,6176,"Spark Plug (2), Brake Fluid (3)",2533
RE-0061,MH12AB0061,Hunter 350,Akash Jadhav,M02,Amit,07-10-2025,4181,"Chain Lube (1), Motul 300V (2), Brake Fluid (1), Brake Pad (1)",2514
RE-0058,MH12AB0058,Classic 350,Saurabh Kale,M02,Amit,08-10-2025,2534,"Brake Pad (2), Motul 7100 (3), Motul 300V (1)",4208
RE-0051,MH12AB0051,Meteor 350,Saurabh Kale,M01,Raj,09-10-2025,2004,"Motul 300V (3), Chain Lube (2)",1887
RE-0046,MH12AB0046,Bullet 350,Rohan Kulkarni,M03,Vikram,10-10-2025,6971,"Oil Filter (2), Brake Fluid (3), Motul 7100 (2), Motul 300V (2)",5313
RE-0015,MH12AB0015,Hunter 350,Rohan Kulkarni,M04,Kunal,11-10-2025,1880,"Motul 7100 (1), Oil Filter (3), Spark Plug (3)",3215
RE-0037,MH12AB0037,Bullet 350,Amit Sharma,M05,Nilesh,12-10-2025,2375,"Oil Filter (3), Motul 7100 (1)",3875
RE-0007,MH12AB0007,Meteor 350,Neha Pawar,M05,Nilesh,13-10-2025,6471,"Spark Plug (1), Motul 300V (2)",890
RE-0080,MH12AB0080,Bullet 350,Rohan Kulkarni,M01,Raj,14-10-2025,3474,"Motul 7100 (3), Motul 300V (1), Brake Pad (3)",6033
RE-0010,MH12AB0010,Bullet 350,Sameer Patil,M03,Vikram,15-10-2025,4687,"Motul 300V (3), Motul 7100 (2)",3221
RE-0076,MH12AB0076,Classic 350,Sneha Joshi,M01,Raj,16-10-2025,4561,"Air Filter (1), Brake Fluid (1), Spark Plug (3)",4374
RE-0045,MH12AB0045,Bullet 350,Sameer Patil,M02,Amit,17-10-2025,6519,"Spark Plug (2), Brake Pad (1)",1704
RE-0068,MH12AB0068,Classic 350,Priya Deshmukh,M01,Raj,18-10-2025,1833,"Motul 7100 (2), Brake Fluid (1), Brake Pad (3), Motul 300V (2)",6627
RE-0089,MH12AB0089,Classic 350,Rohan Kulkarni,M01,Raj,19-10-2025,5858,"Brake Fluid (1), Air Filter (2), Brake Pad (2), Chain Lube (1)",4881
RE-0026,MH12AB0026,Hunter 350,Saurabh Kale,M04,Kunal,20-10-2025,7157,"Spark Plug (2), Brake Fluid (3), Chain Lube (2), Motul 300V (1)",7048
RE-0055,MH12AB0055,Meteor 350,Sneha Joshi,M01,Raj,21-10-2025,4254,"Brake Fluid (1), Chain Lube (2), Motul 300V (3)",5394
RE-0043,MH12AB0043,Bullet 350,Priya Deshmukh,M02,Amit,22-10-2025,6768,"Brake Pad (2), Spark Plug (2)",2106
RE-0024,MH12AB0024,Classic 350,Akash Jadhav,M04,Kunal,23-10-2025,6022,"Spark Plug (2), Motul 300V (2), Motul 7100 (2), Air Filter (2)",4366
RE-0079,MH12AB0079,Meteor 350,Saurabh Kale,M04,Kunal,24-10-2025,4245,"Spark Plug (2), Air Filter (1), Motul 7100 (1)",1498
RE-0085,MH12AB0085,Meteor 350,Priya Deshmukh,M03,Vikram,25-10-2025,5698,"Motul 7100 (3), Chain Lube (1), Brake Pad (3), Air Filter (1)",7265
RE-0038,MH12AB0038,Interceptor 650,Neha Pawar,M03,Vikram,26-10-2025,5914,"Air Filter (3), Chain Lube (2), Brake Pad (3), Motul 300V (1)",6249
RE-0058,MH12AB0058,Hunter 350,Sneha Joshi,M05,Nilesh,27-10-2025,3052,"Brake Fluid (2), Motul 300V (1)",2440
RE-0025,MH12AB0025,Bullet 350,Neha Pawar,M05,Nilesh,28-10-2025,3561,"Motul 300V (3), Spark Plug (3), Motul 7100 (2), Chain Lube (2)",6482
RE-0064,MH12AB0064,Interceptor 650,Rahul Patil,M03,Vikram,29-10-2025,6366,"Oil Filter (2), Air Filter (3), Chain Lube (1)",3640
RE-0021,MH12AB0021,Classic 350,Priya Deshmukh,M05,Nilesh,30-10-2025,4064,"Chain Lube (3), Motul 300V (2)",4051
RE-0040,MH12AB0040,Bullet 350,Rohan Kulkarni,M02,Amit,31-10-2025,3808,"Brake Pad (3), Spark Plug (2), Air Filter (2), Motul 300V (2)",7228
RE-0080,MH12AB0080,Bullet 350,Priya Deshmukh,M05,Nilesh,01-11-2025,4135,"Oil Filter (1), Air Filter (2), Brake Fluid (3)",5666
RE-0051,MH12AB0051,Hunter 350,Rohan Kulkarni,M04,Kunal,02-11-2025,2575,"Chain Lube (2), Air Filter (1), Brake Pad (3), Motul 300V (2)",6471
RE-0009,MH12AB0009,Hunter 350,Neha Pawar,M01,Raj,03-11-2025,7195,"Air Filter (2), Brake Fluid (3), Brake Pad (3), Motul 300V (2)",5598
RE-0051,MH12AB0051,Hunter 350,Amit Sharma,M03,Vikram,04-11-2025,3286,"Oil Filter (3), Brake Pad (3), Motul 7100 (1)",5800
RE-0053,MH12AB0053,Classic 350,Sneha Joshi,M05,Nilesh,05-11-2025,4507,"Spark Plug (2), Chain Lube (1)",2662
RE-0029,MH12AB0029,Bullet 350,Saurabh Kale,M01,Raj,06-11-2025,3167,"Motul 300V (2), Brake Pad (1), Air Filter (3)",4552
RE-0078,MH12AB0078,Classic 350,Rahul Patil,M03,Vikram,07-11-2025,3189,"Spark Plug (2), Motul 7100 (2), Oil Filter (3), Motul 300V (1)",2722
RE-0059,MH12AB0059,Classic 350,Priya Deshmukh,M02,Amit,08-11-2025,4099,"Chain Lube (2), Brake Fluid (1), Motul 300V (1)",2679
RE-0081,MH12AB0081,Hunter 350,Amit Sharma,M03,Vikram,09-11-2025,5542,"Spark Plug (2), Motul 7100 (1), Chain Lube (1), Air Filter (2)",4147
RE-0081,MH12AB0081,Bullet 350,Sameer Patil,M01,Raj,10-11-2025,6022,"Motul 7100 (3), Spark Plug (1), Air Filter (2), Chain Lube (3)",6866
RE-0074,MH12AB0074,Classic 350,Amit Sharma,M04,Kunal,11-11-2025,4597,"Brake Fluid (3), Motul 7100 (1), Oil Filter (1)",3317
RE-0095,MH12AB0095,Bullet 350,Saurabh Kale,M01,Raj,12-11-2025,6134,"Spark Plug (3), Air Filter (2), Brake Pad (3)",5048
RE-0093,MH12AB0093,Interceptor 650,Akash Jadhav,M01,Raj,13-11-2025,2145,"Spark Plug (3), Brake Fluid (3), Motul 300V (3)",6156
RE-0046,MH12AB0046,Bullet 350,Akash Jadhav,M01,Raj,14-11-2025,7484,"Oil Filter (2), Brake Pad (1)",3105
RE-0014,MH12AB0014,Interceptor 650,Neha Pawar,M03,Vikram,15-11-2025,8221,"Brake Fluid (2), Motul 300V (1), Oil Filter (3)",4614
RE-0027,MH12AB0027,Bullet 350,Amit Sharma,M03,Vikram,16-11-2025,3216,"Motul 300V (3), Motul 7100 (3), Brake Pad (1), Oil Filter (1)",7417
RE-0028,MH12AB0028,Interceptor 650,Kiran More,M05,Nilesh,17-11-2025,4685,"Motul 300V (2), Brake Fluid (1), Air Filter (2)",2457
RE-0060,MH12AB0060,Interceptor 650,Sneha Joshi,M02,Amit,18-11-2025,3327,"Spark Plug (2), Motul 7100 (1)",2216
RE-0026,MH12AB0026,Meteor 350,Saurabh Kale,M04,Kunal,19-11-2025,7807,"Brake Fluid (3), Air Filter (2), Motul 300V (2), Chain Lube (3)",6387
RE-0019,MH12AB0019,Classic 350,Rahul Patil,M04,Kunal,20-11-2025,9151,"Air Filter (1), Motul 300V (2), Brake Pad (3), Motul 7100 (1)",2404
RE-0005,MH12AB0005,Bullet 350,Sameer Patil,M01,Raj,21-11-2025,4248,"Spark Plug (1), Motul 7100 (2), Brake Pad (1)",2573
RE-0097,MH12AB0097,Hunter 350,Amit Sharma,M01,Raj,22-11-2025,6647,"Oil Filter (3), Air Filter (3)",5043
RE-0066,MH12AB0066,Bullet 350,Kiran More,M01,Raj,23-11-2025,6712,"Motul 300V (3), Chain Lube (3)",1899
RE-0079,MH12AB0079,Bullet 350,Rohan Kulkarni,M04,Kunal,24-11-2025,4742,"Motul 300V (1), Chain Lube (1), Brake Pad (2)",2541
RE-0086,MH12AB0086,Bullet 350,Amit Sharma,M05,Nilesh,25-11-2025,4327,"Brake Pad (1), Brake Fluid (3)",2246
RE-0048,MH12AB0048,Bullet 350,Amit Sharma,M03,Vikram,26-11-2025,4508,"Chain Lube (3), Motul 7100 (1), Spark Plug (1)",2972
RE-0088,MH12AB0088,Classic 350,Neha Pawar,M02,Amit,27-11-2025,6098,"Air Filter (3), Spark Plug (3), Brake Fluid (1), Chain Lube (3)",3588
RE-0008,MH12AB0008,Meteor 350,Amit Sharma,M05,Nilesh,28-11-2025,4575,"Brake Fluid (1), Oil Filter (2), Brake Pad (1)",3207
RE-0021,MH12AB0021,Interceptor 650,Akash Jadhav,M02,Amit,29-11-2025,4717,"Brake Fluid (2), Air Filter (1), Chain Lube (3), Oil Filter (2)",4136
RE-0043,MH12AB0043,Hunter 350,Amit Sharma,M02,Amit,30-11-2025,6969,"Motul 7100 (1), Chain Lube (2), Brake Fluid (3)",4782
RE-0069,MH12AB0069,Classic 350,Rohan Kulkarni,M04,Kunal,01-12-2025,2452,"Spark Plug (1), Chain Lube (2)",1317
RE-0037,MH12AB0037,Hunter 350,Priya Deshmukh,M03,Vikram,02-12-2025,2588,"Motul 7100 (2), Brake Fluid (3), Chain Lube (2)",4492
RE-0004,MH12AB0004,Bullet 350,Amit Sharma,M02,Amit,03-12-2025,4727,"Chain Lube (1), Brake Fluid (3), Brake Pad (3), Air Filter (2)",4630
RE-0069,MH12AB0069,Meteor 350,Sneha Joshi,M01,Raj,04-12-2025,2666,"Motul 7100 (1), Brake Fluid (3), Chain Lube (3)",6876
RE-0013,MH12AB0013,Hunter 350,Rohan Kulkarni,M03,Vikram,05-12-2025,5640,"Air Filter (1), Brake Pad (3), Brake Fluid (2)",3795
RE-0004,MH12AB0004,Classic 350,Amit Sharma,M02,Amit,06-12-2025,5324,"Spark Plug (2), Air Filter (2)",2014
RE-0012,MH12AB0012,Bullet 350,Saurabh Kale,M05,Nilesh,07-12-2025,5154,"Chain Lube (1), Motul 7100 (1), Motul 300V (2)",2742
RE-0075,MH12AB0075,Interceptor 650,Sneha Joshi,M01,Raj,08-12-2025,4252,"Chain Lube (2), Motul 300V (2)",2620
RE-0018,MH12AB0018,Bullet 350,Rohan Kulkarni,M03,Vikram,09-12-2025,4096,"Brake Pad (3), Motul 7100 (1), Chain Lube (2)",3481
RE-0084,MH12AB0084,Hunter 350,Rohan Kulkarni,M02,Amit,10-12-2025,5369,"Brake Pad (2), Motul 7100 (1), Brake Fluid (1)",2551
RE-0037,MH12AB0037,Meteor 350,Sneha Joshi,M04,Kunal,11-12-2025,2818,"Brake Fluid (2), Motul 300V (1), Air Filter (1)",4435
RE-0030,MH12AB0030,Meteor 350,Rohan Kulkarni,M04,Kunal,12-12-2025,4732,"Motul 7100 (1), Brake Fluid (2)",2812
RE-0044,MH12AB0044,Bullet 350,Rahul Patil,M01,Raj,13-12-2025,5064,"Spark Plug (3), Brake Fluid (3)",4536
RE-0056,MH12AB0056,Meteor 350,Priya Deshmukh,M01,Raj,14-12-2025,5662,"Oil Filter (2), Chain Lube (1)",1488
RE-0060,MH12AB0060,Hunter 350,Amit Sharma,M02,Amit,15-12-2025,3998,"Brake Fluid (2), Brake Pad (1)",1424
RE-0016,MH12AB0016,Interceptor 650,Rohan Kulkarni,M04,Kunal,16-12-2025,4344,"Oil Filter (3), Chain Lube (3), Motul 300V (3)",4584
RE-0099,MH12AB0099,Hunter 350,Sneha Joshi,M05,Nilesh,17-12-2025,5467,"Brake Pad (2), Motul 7100 (3)",2323
RE-0090,MH12AB0090,Interceptor 650,Rohan Kulkarni,M01,Raj,18-12-2025,2011,"Brake Fluid (1), Brake Pad (2), Motul 300V (1), Spark Plug (2)",4449
RE-0009,MH12AB0009,Interceptor 650,Rohan Kulkarni,M01,Raj,19-12-2025,7806,"Oil Filter (1), Motul 300V (2), Brake Fluid (3), Spark Plug (3)",7337
RE-0025,MH12AB0025,Bullet 350,Saurabh Kale,M02,Amit,20-12-2025,4242,"Brake Fluid (2), Oil Filter (2), Motul 7100 (2)",3446
RE-0048,MH12AB0048,Classic 350,Priya Deshmukh,M02,Amit,21-12-2025,4873,"Oil Filter (2), Chain Lube (2)",4042
RE-0031,MH12AB0031,Classic 350,Neha Pawar,M01,Raj,22-12-2025,5931,"Air Filter (3), Motul 7100 (3), Brake Fluid (1)",4195
RE-0022,MH12AB0022,Bullet 350,Rahul Patil,M05,Nilesh,23-12-2025,4298,"Air Filter (3), Oil Filter (1), Chain Lube (3)",5473
RE-0056,MH12AB0056,Interceptor 650,Amit Sharma,M01,Raj,24-12-2025,5968,"Motul 7100 (1), Oil Filter (1), Brake Fluid (2)",4331
RE-0058,MH12AB0058,Classic 350,Neha Pawar,M04,Kunal,25-12-2025,3501,"Brake Pad (2), Chain Lube (3), Air Filter (3), Motul 7100 (1)",6083
RE-0047,MH12AB0047,Classic 350,Sameer Patil,M03,Vikram,26-12-2025,4181,"Motul 7100 (3), Brake Pad (1), Air Filter (1), Motul 300V (2)",6922
RE-0042,MH12AB0042,Hunter 350,Akash Jadhav,M04,Kunal,27-12-2025,3378,"Spark Plug (2), Chain Lube (1)",2568
RE-0049,MH12AB0049,Meteor 350,Saurabh Kale,M04,Kunal,28-12-2025,6307,"Oil Filter (1), Motul 7100 (1), Brake Pad (3)",2201
RE-0054,MH12AB0054,Meteor 350,Rahul Patil,M01,Raj,29-12-2025,2566,"Brake Fluid (3), Oil Filter (2), Chain Lube (2)",5742
RE-0087,MH12AB0087,Hunter 350,Priya Deshmukh,M02,Amit,30-12-2025,6474,"Brake Pad (2), Motul 300V (3), Brake Fluid (3)",4767
RE-0084,MH12AB0084,Interceptor 650,Kiran More,M02,Amit,31-12-2025,5830,"Brake Fluid (3), Air Filter (1)",909
RE-0053,MH12AB0053,Bullet 350,Sneha Joshi,M03,Vikram,01-01-2026,5281,"Motul 7100 (1), Air Filter (1)",1163
RE-0030,MH12AB0030,Hunter 350,Priya Deshmukh,M03,Vikram,02-01-2026,5110,"Spark Plug (1), Motul 300V (1), Air Filter (2), Brake Pad (1)",3321
RE-0054,MH12AB0054,Hunter 350,Sneha Joshi,M03,Vikram,03-01-2026,3256,"Motul 300V (1), Brake Fluid (1), Oil Filter (3)",1743
RE-0094,MH12AB0094,Classic 350,Priya Deshmukh,M03,Vikram,04-01-2026,5127,"Brake Fluid (3), Motul 7100 (1), Air Filter (2), Chain Lube (3)",3837
RE-0010,MH12AB0010,Interceptor 650,Amit Sharma,M01,Raj,05-01-2026,5370,"Oil Filter (3), Motul 7100 (2)",4474
RE-0085,MH12AB0085,Interceptor 650,Neha Pawar,M05,Nilesh,06-01-2026,6381,"Oil Filter (3), Motul 300V (1), Motul 7100 (1)",3538
RE-0067,MH12AB0067,Classic 350,Rohan Kulkarni,M03,Vikram,07-01-2026,4368,"Motul 300V (1), Brake Fluid (2), Motul 7100 (3), Air Filter (3)",7235
RE-0040,MH12AB0040,Meteor 350,Akash Jadhav,M03,Vikram,08-01-2026,4686,"Oil Filter (1), Motul 300V (2)",2666
RE-0067,MH12AB0067,Classic 350,Akash Jadhav,M01,Raj,09-01-2026,4881,"Brake Pad (2), Motul 300V (1), Oil Filter (3), Air Filter (2)",4154
RE-0016,MH12AB0016,Meteor 350,Sameer Patil,M05,Nilesh,10-01-2026,5062,"Brake Fluid (1), Chain Lube (3), Oil Filter (3)",4072
RE-0009,MH12AB0009,Interceptor 650,Sameer Patil,M05,Nilesh,11-01-2026,8264,"Brake Fluid (2), Oil Filter (3)",4745
RE-0100,MH12AB0100,Classic 350,Rahul Patil,M05,Nilesh,12-01-2026,8088,"Motul 7100 (2), Air Filter (3)",2818
RE-0072,MH12AB0072,Bullet 350,Rahul Patil,M01,Raj,13-01-2026,3149,"Motul 300V (1), Oil Filter (2), Brake Pad (1)",2453
RE-0005,MH12AB0005,Hunter 350,Amit Sharma,M02,Amit,14-01-2026,4742,"Motul 7100 (1), Brake Pad (1), Motul 300V (1), Oil Filter (2)",4248
RE-0032,MH12AB0032,Classic 350,Saurabh Kale,M05,Nilesh,15-01-2026,7814,"Motul 7100 (3), Oil Filter (2)",4049
RE-0037,MH12AB0037,Meteor 350,Sneha Joshi,M04,Kunal,16-01-2026,3494,"Spark Plug (2), Brake Pad (3), Motul 7100 (1), Air Filter (2)",5873
RE-0079,MH12AB0079,Classic 350,Saurabh Kale,M03,Vikram,17-01-2026,5270,"Brake Pad (1), Brake Fluid (1)",1156
RE-0045,MH12AB0045,Hunter 350,Amit Sharma,M03,Vikram,18-01-2026,6729,"Motul 300V (2), Brake Fluid (2), Oil Filter (2), Motul 7100 (2)",6514
RE-0030,MH12AB0030,Meteor 350,Neha Pawar,M04,Kunal,19-01-2026,5322,"Spark Plug (3), Air Filter (1), Brake Pad (2), Motul 300V (3)",7098
RE-0040,MH12AB0040,Meteor 350,Rohan Kulkarni,M02,Amit,20-01-2026,5022,"Brake Pad (1), Brake Fluid (1), Motul 300V (3), Oil Filter (2)",6527
RE-0094,MH12AB0094,Classic 350,Akash Jadhav,M03,Vikram,21-01-2026,5675,"Motul 7100 (1), Motul 300V (1)",1021
RE-0010,MH12AB0010,Interceptor 650,Sameer Patil,M01,Raj,22-01-2026,6199,"Motul 300V (3), Motul 7100 (2), Spark Plug (2)",6736
RE-0041,MH12AB0041,Classic 350,Rohan Kulkarni,M03,Vikram,23-01-2026,4498,"Brake Pad (3), Chain Lube (2), Motul 300V (2), Air Filter (3)",5189
RE-0047,MH12AB0047,Interceptor 650,Akash Jadhav,M03,Vikram,24-01-2026,4936,"Motul 7100 (2), Brake Pad (1), Chain Lube (2), Motul 300V (1)",3911
RE-0013,MH12AB0013,Bullet 350,Neha Pawar,M05,Nilesh,25-01-2026,6067,"Spark Plug (3), Oil Filter (1)",4040
RE-0026,MH12AB0026,Interceptor 650,Sneha Joshi,M03,Vikram,26-01-2026,8342,"Oil Filter (3), Spark Plug (3), Chain Lube (3)",4617
RE-0024,MH12AB0024,Interceptor 650,Rohan Kulkarni,M05,Nilesh,27-01-2026,6239,"Brake Pad (1), Motul 300V (3)",1165
RE-0066,MH12AB0066,Classic 350,Kiran More,M02,Amit,28-01-2026,7385,"Spark Plug (1), Motul 7100 (1), Air Filter (3), Brake Fluid (1)",4853
RE-0081,MH12AB0081,Interceptor 650,Priya Deshmukh,M01,Raj,29-01-2026,6701,"Motul 300V (2), Air Filter (3)",2881
RE-0030,MH12AB0030,Interceptor 650,Rohan Kulkarni,M02,Amit,30-01-2026,6051,"Oil Filter (1), Air Filter (3)",3662
RE-0035,MH12AB0035,Classic 350,Akash Jadhav,M05,Nilesh,31-01-2026,5591,"Brake Fluid (2), Motul 300V (1)",1652
RE-0059,MH12AB0059,Classic 350,Rohan Kulkarni,M02,Amit,01-02-2026,4474,"Brake Pad (1), Spark Plug (1), Brake Fluid (2), Motul 7100 (2)",5257
RE-0058,MH12AB0058,Meteor 350,Sameer Patil,M02,Amit,02-02-2026,3788,"Brake Pad (3), Motul 300V (1)",3273
RE-0099,MH12AB0099,Classic 350,Rohan Kulkarni,M04,Kunal,03-02-2026,6273,"Chain Lube (1), Spark Plug (3), Brake Fluid (1)",5866
RE-0010,MH12AB0010,Meteor 350,Sneha Joshi,M04,Kunal,04-02-2026,6759,"Air Filter (2), Motul 300V (2)",3780
RE-0060,MH12AB0060,Meteor 350,Neha Pawar,M05,Nilesh,05-02-2026,4784,"Motul 300V (3), Air Filter (2)",5762
RE-0080,MH12AB0080,Classic 350,Priya Deshmukh,M02,Amit,06-02-2026,4640,"Motul 300V (3), Brake Pad (2), Motul 7100 (2), Oil Filter (3)",7958
RE-0015,MH12AB0015,Bullet 350,Akash Jadhav,M01,Raj,07-02-2026,2219,"Brake Pad (2), Air Filter (2), Spark Plug (2), Brake Fluid (3)",6812
RE-0033,MH12AB0033,Classic 350,Neha Pawar,M05,Nilesh,08-02-2026,3882,"Chain Lube (1), Motul 300V (3), Oil Filter (2), Spark Plug (2)",5401
RE-0003,MH12AB0003,Classic 350,Rahul Patil,M02,Amit,09-02-2026,5655,"Motul 300V (1), Brake Pad (2)",1682
RE-0056,MH12AB0056,Meteor 350,Amit Sharma,M01,Raj,10-02-2026,6438,"Motul 7100 (1), Brake Fluid (2), Chain Lube (1), Brake Pad (3)",5531
RE-0081,MH12AB0081,Bullet 350,Rahul Patil,M05,Nilesh,11-02-2026,7084,"Chain Lube (1), Motul 300V (1)",668
RE-0042,MH12AB0042,Classic 350,Akash Jadhav,M02,Amit,12-02-2026,4223,"Brake Fluid (1), Motul 7100 (1)",1403
RE-0016,MH12AB0016,Classic 350,Akash Jadhav,M03,Vikram,13-02-2026,5706,"Air Filter (1), Oil Filter (1), Spark Plug (1)",2165
RE-0081,MH12AB0081,Meteor 350,Kiran More,M01,Raj,14-02-2026,7954,"Motul 300V (3), Air Filter (2), Spark Plug (1)",3472
RE-0019,MH12AB0019,Interceptor 650,Neha Pawar,M05,Nilesh,15-02-2026,9400,"Oil Filter (1), Spark Plug (3), Motul 7100 (2), Air Filter (3)",4249
RE-0094,MH12AB0094,Interceptor 650,Rahul Patil,M04,Kunal,16-02-2026,6553,"Brake Fluid (1), Chain Lube (2), Air Filter (2)",3041
RE-0075,MH12AB0075,Bullet 350,Saurabh Kale,M03,Vikram,17-02-2026,4786,"Chain Lube (1), Air Filter (2), Brake Fluid (2), Oil Filter (1)",3304
RE-0054,MH12AB0054,Meteor 350,Priya Deshmukh,M05,Nilesh,18-02-2026,3757,"Air Filter (3), Brake Pad (1), Motul 300V (2), Brake Fluid (3)",6076
RE-0011,MH12AB0011,Hunter 350,Priya Deshmukh,M03,Vikram,19-02-2026,3248,"Motul 300V (3), Spark Plug (1)",2569
RE-0048,MH12AB0048,Hunter 350,Rahul Patil,M05,Nilesh,20-02-2026,5283,"Air Filter (2), Brake Fluid (2), Chain Lube (1), Oil Filter (3)",5418
RE-0078,MH12AB0078,Bullet 350,Amit Sharma,M02,Amit,21-02-2026,3942,"Air Filter (2), Brake Fluid (1), Motul 7100 (2)",3838
RE-0005,MH12AB0005,Hunter 350,Sneha Joshi,M04,Kunal,22-02-2026,5162,"Brake Fluid (2), Brake Pad (1), Motul 300V (3), Oil Filter (3)",5092
RE-0021,MH12AB0021,Bullet 350,Neha Pawar,M04,Kunal,23-02-2026,5145,"Chain Lube (1), Oil Filter (1)",1370
RE-0069,MH12AB0069,Meteor 350,Rohan Kulkarni,M04,Kunal,24-02-2026,3505,"Motul 7100 (2), Spark Plug (3)",2399
RE-0084,MH12AB0084,Meteor 350,Sameer Patil,M04,Kunal,25-02-2026,6504,"Spark Plug (3), Oil Filter (3), Motul 7100 (2), Chain Lube (1)",5687
RE-0035,MH12AB0035,Bullet 350,Akash Jadhav,M03,Vikram,26-02-2026,6367,"Brake Fluid (3), Air Filter (1)",3318
RE-0049,MH12AB0049,Meteor 350,Amit Sharma,M02,Amit,27-02-2026,6621,"Chain Lube (3), Oil Filter (2), Spark Plug (2)",3094
RE-0037,MH12AB0037,Classic 350,Saurabh Kale,M03,Vikram,28-02-2026,4160,"Brake Pad (3), Spark Plug (2), Brake Fluid (3), Motul 7100 (2)",5711
RE-0009,MH12AB0009,Classic 350,Amit Sharma,M01,Raj,01-03-2026,8894,"Motul 7100 (3), Brake Fluid (3)",4740
RE-0088,MH12AB0088,Hunter 350,Saurabh Kale,M01,Raj,02-03-2026,6591,"Motul 300V (1), Oil Filter (1)",1747
RE-0089,MH12AB0089,Bullet 350,Rohan Kulkarni,M05,Nilesh,03-03-2026,6067,"Brake Pad (3), Brake Fluid (1), Chain Lube (1)",2734
RE-0016,MH12AB0016,Meteor 350,Akash Jadhav,M05,Nilesh,04-03-2026,6179,"Brake Pad (3), Brake Fluid (1), Spark Plug (1), Air Filter (3)",3693
RE-0085,MH12AB0085,Hunter 350,Kiran More,M01,Raj,05-03-2026,6603,"Air Filter (3), Chain Lube (1)",3725
RE-0018,MH12AB0018,Interceptor 650,Saurabh Kale,M03,Vikram,06-03-2026,4663,"Oil Filter (1), Motul 7100 (1), Air Filter (1)",1643
RE-0074,MH12AB0074,Bullet 350,Rohan Kulkarni,M05,Nilesh,07-03-2026,4895,"Air Filter (1), Spark Plug (1), Chain Lube (1)",1917
RE-0046,MH12AB0046,Classic 350,Rahul Patil,M01,Raj,08-03-2026,7931,"Air Filter (2), Spark Plug (1), Oil Filter (2)",3080
RE-0078,MH12AB0078,Meteor 350,Priya Deshmukh,M02,Amit,09-03-2026,4327,"Chain Lube (2), Motul 300V (2)",1284
RE-0010,MH12AB0010,Interceptor 650,Neha Pawar,M04,Kunal,10-03-2026,7483,"Oil Filter (2), Motul 7100 (2)",2802
RE-0022,MH12AB0022,Bullet 350,Akash Jadhav,M01,Raj,11-03-2026,5099,"Motul 7100 (3), Air Filter (3), Brake Pad (2)",4593
RE-0007,MH12AB0007,Meteor 350,Rahul Patil,M05,Nilesh,12-03-2026,6775,"Spark Plug (1), Chain Lube (2), Brake Fluid (3), Motul 7100 (1)",5817
RE-0090,MH12AB0090,Classic 350,Priya Deshmukh,M04,Kunal,13-03-2026,2439,"Spark Plug (1), Brake Fluid (2)",2411
RE-0085,MH12AB0085,Bullet 350,Amit Sharma,M03,Vikram,14-03-2026,7489,"Motul 300V (2), Spark Plug (1)",2532
RE-0008,MH12AB0008,Interceptor 650,Sameer Patil,M02,Amit,15-03-2026,5331,"Motul 7100 (3), Spark Plug (2), Chain Lube (1)",5709
RE-0038,MH12AB0038,Interceptor 650,Rahul Patil,M05,Nilesh,16-03-2026,6178,"Oil Filter (2), Motul 7100 (1), Motul 300V (3)",3875
RE-0092,MH12AB0092,Meteor 350,Priya Deshmukh,M01,Raj,17-03-2026,5502,"Spark Plug (3), Motul 300V (2), Motul 7100 (3)",5798
RE-0021,MH12AB0021,Hunter 350,Amit Sharma,M04,Kunal,18-03-2026,5793,"Motul 300V (1), Motul 7100 (1)",1500
RE-0015,MH12AB0015,Hunter 350,Kiran More,M01,Raj,19-03-2026,2808,"Spark Plug (2), Motul 300V (2), Motul 7100 (3), Air Filter (3)",7067
RE-0027,MH12AB0027,Interceptor 650,Sneha Joshi,M03,Vikram,20-03-2026,3910,"Brake Pad (3), Oil Filter (3)",3969
RE-0065,MH12AB0065,Classic 350,Kiran More,M04,Kunal,21-03-2026,3665,"Oil Filter (2), Motul 300V (1), Chain Lube (2)",4741
RE-0070,MH12AB0070,Meteor 350,Akash Jadhav,M05,Nilesh,22-03-2026,4116,"Chain Lube (1), Spark Plug (2), Brake Pad (3)",4045
RE-0091,MH12AB0091,Hunter 350,Rahul Patil,M04,Kunal,23-03-2026,6315,"Motul 7100 (3), Air Filter (1), Oil Filter (3)",4776
RE-0035,MH12AB0035,Bullet 350,Sneha Joshi,M01,Raj,24-03-2026,7128,"Brake Pad (2), Spark Plug (1), Motul 300V (2)",4631
RE-0063,MH12AB0063,Classic 350,Akash Jadhav,M02,Amit,25-03-2026,1914,"Brake Fluid (1), Motul 300V (2), Brake Pad (2)",4966
RE-0020,MH12AB0020,Classic 350,Sneha Joshi,M02,Amit,26-03-2026,7253,"Oil Filter (3), Brake Fluid (2), Air Filter (1), Motul 300V (2)",4702
RE-0099,MH12AB0099,Bullet 350,Neha Pawar,M05,Nilesh,27-03-2026,6856,"Motul 7100 (2), Oil Filter (2)",3734
RE-0050,MH12AB0050,Interceptor 650,Rohan Kulkarni,M04,Kunal,28-03-2026,5963,"Brake Pad (2), Motul 300V (1)",1883
RE-0027,MH12AB0027,Interceptor 650,Akash Jadhav,M05,Nilesh,29-03-2026,4130,"Spark Plug (3), Oil Filter (1), Motul 300V (3), Motul 7100 (1)",5692
RE-0067,MH12AB0067,Meteor 350,Akash Jadhav,M05,Nilesh,30-03-2026,5740,"Brake Fluid (1), Motul 300V (2)",2159
RE-0002,MH12AB0002,Interceptor 650,Kiran More,M01,Raj,31-03-2026,3732,"Air Filter (2), Motul 7100 (2), Brake Pad (2)",3034
RE-0039,MH12AB0039,Interceptor 650,Neha Pawar,M04,Kunal,01-04-2026,2867,"Brake Fluid (3), Spark Plug (2), Motul 300V (3), Brake Pad (3)",8873
RE-0021,MH12AB0021,Meteor 350,Neha Pawar,M03,Vikram,02-04-2026,6100,"Brake Fluid (1), Motul 300V (1), Oil Filter (1), Spark Plug (2)",1339
RE-0065,MH12AB0065,Classic 350,Neha Pawar,M03,Vikram,03-04-2026,4331,"Brake Pad (1), Chain Lube (3), Oil Filter (1), Motul 7100 (2)",6747
RE-0046,MH12AB0046,Bullet 350,Akash Jadhav,M05,Nilesh,04-04-2026,8474,"Chain Lube (3), Oil Filter (1), Motul 300V (3), Brake Fluid (1)",6899
RE-0021,MH12AB0021,Hunter 350,Rohan Kulkarni,M01,Raj,05-04-2026,6727,"Spark Plug (1), Brake Fluid (3), Motul 300V (2)",5708
RE-0023,MH12AB0023,Bullet 350,Sneha Joshi,M03,Vikram,06-04-2026,4613,"Motul 300V (2), Brake Fluid (3), Spark Plug (2), Motul 7100 (1)",5390
RE-0089,MH12AB0089,Interceptor 650,Amit Sharma,M03,Vikram,07-04-2026,6457,"Oil Filter (3), Brake Pad (2), Chain Lube (3), Motul 7100 (3)",9756
RE-0018,MH12AB0018,Interceptor 650,Sneha Joshi,M03,Vikram,08-04-2026,5143,"Spark Plug (3), Chain Lube (3), Air Filter (3)",7395
RE-0097,MH12AB0097,Classic 350,Priya Deshmukh,M04,Kunal,09-04-2026,7219,"Oil Filter (3), Air Filter (1), Motul 300V (3)",4915
RE-0009,MH12AB0009,Interceptor 650,Rohan Kulkarni,M05,Nilesh,10-04-2026,9275,"Motul 300V (1), Chain Lube (1)",2130
RE-0024,MH12AB0024,Hunter 350,Priya Deshmukh,M03,Vikram,11-04-2026,6646,"Brake Pad (2), Chain Lube (1), Motul 300V (1), Motul 7100 (1)",2997
RE-0039,MH12AB0039,Interceptor 650,Saurabh Kale,M02,Amit,12-04-2026,3156,"Chain Lube (1), Brake Fluid (1), Motul 300V (1)",2657
RE-0019,MH12AB0019,Classic 350,Sneha Joshi,M05,Nilesh,13-04-2026,9991,"Air Filter (1), Brake Fluid (2), Spark Plug (3)",5594
RE-0089,MH12AB0089,Interceptor 650,Akash Jadhav,M04,Kunal,14-04-2026,6969,"Spark Plug (1), Motul 300V (2)",3240
RE-0065,MH12AB0065,Meteor 350,Kiran More,M01,Raj,15-04-2026,5027,"Brake Pad (2), Spark Plug (3), Motul 7100 (1), Brake Fluid (2)",6794
RE-0027,MH12AB0027,Hunter 350,Neha Pawar,M02,Amit,16-04-2026,4532,"Motul 7100 (2), Oil Filter (2), Air Filter (2)",3440
RE-0001,MH12AB0001,Meteor 350,Sameer Patil,M03,Vikram,17-04-2026,5456,"Oil Filter (1), Brake Pad (3)",1783
RE-0056,MH12AB0056,Hunter 350,Rohan Kulkarni,M04,Kunal,18-04-2026,7327,"Motul 7100 (2), Brake Fluid (3)",2369
RE-0083,MH12AB0083,Meteor 350,Kiran More,M04,Kunal,19-04-2026,3908,"Oil Filter (3), Motul 300V (1), Motul 7100 (3)",4374
RE-0063,MH12AB0063,Classic 350,Priya Deshmukh,M01,Raj,20-04-2026,2215,"Brake Fluid (3), Motul 300V (3)",4197
RE-0081,MH12AB0081,Interceptor 650,Amit Sharma,M02,Amit,21-04-2026,8762,"Oil Filter (1), Brake Pad (1), Brake Fluid (3), Air Filter (1)",4605
RE-0008,MH12AB0008,Hunter 350,Sameer Patil,M01,Raj,22-04-2026,6117,"Spark Plug (1), Motul 7100 (2)",1325
RE-0024,MH12AB0024,Hunter 350,Amit Sharma,M01,Raj,23-04-2026,7102,"Brake Fluid (1), Motul 7100 (1), Oil Filter (1)",1987
RE-0058,MH12AB0058,Interceptor 650,Neha Pawar,M01,Raj,24-04-2026,4490,"Spark Plug (1), Oil Filter (2)",2777
RE-0029,MH12AB0029,Meteor 350,Neha Pawar,M04,Kunal,25-04-2026,3686,"Brake Fluid (2), Brake Pad (2)",3276
RE-0028,MH12AB0028,Bullet 350,Priya Deshmukh,M01,Raj,26-04-2026,5561,"Spark Plug (3), Brake Fluid (1), Chain Lube (3), Motul 7100 (2)",6937
RE-0081,MH12AB0081,Classic 350,Neha Pawar,M02,Amit,27-04-2026,9461,"Brake Fluid (1), Air Filter (2)",1900
RE-0085,MH12AB0085,Hunter 350,Amit Sharma,M03,Vikram,28-04-2026,7691,"Air Filter (3), Spark Plug (3)",4317
RE-0017,MH12AB0017,Hunter 350,Rahul Patil,M01,Raj,29-04-2026,7300,"Motul 300V (2), Air Filter (1), Oil Filter (3)",2168
RE-0100,MH12AB0100,Bullet 350,Neha Pawar,M02,Amit,30-04-2026,8665,"Air Filter (1), Brake Pad (3), Chain Lube (2), Spark Plug (2)",7853
RE-0030,MH12AB0030,Meteor 350,Priya Deshmukh,M02,Amit,01-05-2026,6640,"Brake Fluid (2), Brake Pad (3), Air Filter (1)",4306
RE-0026,MH12AB0026,Bullet 350,Kiran More,M04,Kunal,02-05-2026,8699,"Chain Lube (3), Oil Filter (2), Motul 7100 (2)",3682
RE-0003,MH12AB0003,Bullet 350,Amit Sharma,M01,Raj,03-05-2026,6281,"Brake Fluid (2), Brake Pad (3)",2937
RE-0052,MH12AB0052,Bullet 350,Amit Sharma,M05,Nilesh,04-05-2026,2991,"Motul 300V (1), Air Filter (1), Spark Plug (1), Oil Filter (3)",3575
RE-0071,MH12AB0071,Interceptor 650,Neha Pawar,M05,Nilesh,05-05-2026,4063,"Motul 7100 (2), Brake Fluid (3), Oil Filter (2), Spark Plug (3)",4798
RE-0040,MH12AB0040,Meteor 350,Priya Deshmukh,M01,Raj,06-05-2026,5833,"Motul 7100 (1), Spark Plug (3)",2744
RE-0024,MH12AB0024,Interceptor 650,Amit Sharma,M04,Kunal,07-05-2026,7890,"Chain Lube (3), Spark Plug (2)",3872
RE-0013,MH12AB0013,Hunter 350,Rohan Kulkarni,M04,Kunal,08-05-2026,6795,"Spark Plug (2), Oil Filter (3), Motul 300V (3)",6960
RE-0053,MH12AB0053,Classic 350,Akash Jadhav,M03,Vikram,09-05-2026,6006,"Spark Plug (3), Brake Fluid (1), Air Filter (3), Oil Filter (1)",3333
RE-0034,MH12AB0034,Interceptor 650,Neha Pawar,M02,Amit,10-05-2026,3516,"Brake Fluid (3), Motul 7100 (2), Brake Pad (1)",2888
RE-0006,MH12AB0006,Classic 350,Neha Pawar,M04,Kunal,11-05-2026,6692,"Air Filter (3), Motul 7100 (2), Oil Filter (3)",7021
RE-0019,MH12AB0019,Hunter 350,Priya Deshmukh,M03,Vikram,12-05-2026,10715,"Brake Fluid (3), Motul 300V (3), Air Filter (2), Motul 7100 (2)",6066
RE-0077,MH12AB0077,Hunter 350,Priya Deshmukh,M02,Amit,13-05-2026,5485,"Oil Filter (3), Motul 7100 (2), Motul 300V (1), Air Filter (1)",4504
RE-0039,MH12AB0039,Bullet 350,Sameer Patil,M03,Vikram,14-05-2026,3440,"Air Filter (2), Motul 300V (2)",3410
RE-0081,MH12AB0081,Meteor 350,Neha Pawar,M01,Raj,15-05-2026,10045,"Spark Plug (2), Brake Fluid (1)",1637
